2.2,1.1,-9.3,-8.7,-2.8,3.8
1.7,-0.2,-10,-8.7,5.5,41.5
1.7,-0.2,-10,-110.5,18.3,288.4
0.6,-2.5,-5.6,-110.5,18.3,288.4
0.6,-2.5,-5.6,29.9,-66.6,6.3
-3.1,-6.5,5,29.9,-66.6,6.3
0.4,-5.4,-3.9,89,-50.9,-186.4
2.1,-0.3,-11.4,15.8,8.6,-48.3
2.1,-0.3,-11.4,7.6,-11.8,-1.1
2.7,0.7,-9.3,7.6,-11.8,-1.1
2.7,0.9,-9.5,0,0.4,-2.5
2.5,1.2,-9.5,-2.6,0.3,-2.7
1.3,0.9,-12.7,-22.9,5.3,21.9
1.3,0.9,-12.7,-42.8,-0.6,160.9
-0.7,-4,-1.4,-42.8,-0.6,160.9
-1.6,-9,0.4,2.9,-5.6,-25.1
1.3,-6,-3.6,40.4,-32,-113.6
2.8,0.8,-11.7,13.2,23,-63.2
2.9,1.1,-9.2,-2,0.4,-2.9
3.1,1.3,-9.3,0.4,3,-1.2
3.1,1.3,-9.3,-1,-0.4,-5.5
3.1,1.4,-9.3,-1,-0.4,-5.5
3.1,1.4,-9.3,1.1,-0.6,-0.4
3,1.6,-9.4,1.1,-0.6,-0.4
3,1.6,-9.4,-53.8,8.6,54.3
0.8,-0.6,-15.8,-53.8,8.6,54.3
-1.9,-5.7,0.4,8.2,3.7,68.3
-1.8,-7.9,-1.6,36,-6.3,-49.8
2.1,-5.2,-10,24.3,-17.7,-111.1
3.3,0.2,-10,-12.5,-1.1,-32.4
3.3,0.2,-10,-9.6,10.1,-13.9
3.3,1.2,-9.1,-9.6,10.1,-13.9
3.6,1.3,-9.2,-3.8,-0.1,-4.7
3.6,1.3,-9.2,-70.2,-6.2,170.8
2.1,-1.2,-7.6,-70.2,-6.2,170.8
-2.2,-9.1,-1.3,-6.7,-12.1,-1
-0.6,-7.9,-3.8,34.4,-15.5,-36.8
2,-5.6,-7.1,20.6,-27.5,-39.7
3.1,-0.9,-9.8,2.2,1.2,-103.5
3.4,1.8,-8.9,-1.6,4.1,-10.9
3.5,2,-8.9,1.7,2,-1.6
3.5,2,-8.7,-3.5,0.8,6.4
0.7,-1.9,0.3,-24,21.1,202.7
-1.7,-9.6,-0.1,7.8,-12,-19.7
0.4,-7.1,-3.4,36.3,-36.7,-80
3.9,-0.2,-10.8,-13.5,-6.1,-141.1
3.9,-0.2,-10.8,-1.3,0.9,-8.9
3.6,2,-8.7,-1.3,0.9,-8.9
3.7,2.2,-8.9,1,1.5,-4.4
3.4,2.1,-9.6,-11.8,-4.5,17.6
2.9,-2.1,-13.9,-79.6,8.9,286.3
2.9,-2.1,-13.9,-4.3,-3.1,-19.1
-2.2,-9.8,-0.6,-4.3,-3.1,-19.1
-1.8,-9.6,-1.3,-0.9,1.9,-4.4
-1.8,-9.2,-1.2,1.9,0.5,-4.3
0.7,-8,-6.1,23.2,-31,-72.8
3.1,-4.7,-6.8,26.3,-17.9,-64
2.7,1,-9.2,-15.2,14.2,10.9
4.7,1.1,-8.6,21.4,6.7,21.9
4.8,0.8,-8.5,-18.5,5.6,-5.8
4.8,0.8,-8.5,-2.7,2.1,-7.4
4.2,1.5,-8.8,-2.7,2.1,-7.4
5.2,0,-21.6,-36.5,41.9,157
-2.5,-8.1,1.3,9,-6.3,21.8
-1.1,-9,-0.4,15.5,-0.1,-21.1
-1.1,-9,-0.4,35.4,-33.6,-86.8
0.9,-7.5,-5.7,35.4,-33.6,-86.8
3.8,-2.6,-9.5,10.9,-31.2,-79.4
4.2,1.6,-9.8,2.8,2,-4.4
4.2,1.6,-9.8,-0.8,-0.9,-0.8
4.1,1.8,-8.7,-0.8,-0.9,-0.8
3.9,1.7,-9.7,-6.7,2.5,5.2
1.2,-2.3,-4.5,-53.5,4.9,197.4
1.2,-2.3,-4.5,-5.8,-3.1,-4.6
-1.3,-9.5,-2.2,-5.8,-3.1,-4.6
-1.4,-9.1,-2.6,13.6,-2.3,-11.9
2,-5.2,-3.9,70.4,-59.3,-116.4
2,-5.2,-3.9,1.3,10.1,-23.3
5.2,0.1,-13,1.3,10.1,-23.3
5.2,0.1,-13,6.4,-3.5,-3.2
4.2,1.7,-9,6.4,-3.5,-3.2
4.2,1.7,-9,-33.9,30.9,86.6
4.2,0,-13.7,-33.9,30.9,86.6
-1.8,-7.4,0.2,-1.3,12.3,35.8
-1.5,-9.6,-1.9,0.5,2.8,-5
-1.5,-9.6,-1.9,3.4,0.9,-0.2
-1.6,-9.5,-2.1,3.4,0.9,-0.2
0.3,-5.3,-2.7,78.5,-61.6,-120.5
3,0.8,-10.8,12.7,1.6,-33.7
3.8,1.8,-8.9,3.1,-0.7,0.3
3.8,1.8,-8.9,-1.5,-0.6,0.4
4.1,2.1,-8.6,-1.5,-0.6,0.4
3.6,1.7,-14.1,-25.4,25.4,6.4
-0.3,-4.9,-2.3,-38.9,22.6,110
-1.5,-9.2,-2.5,-1.1,-2,-1.5
-1.6,-9.1,-2.5,4.3,1,0.1
2.6,-6.1,-3.8,64,-72.3,-105.9
2.6,-6.1,-3.8,29.8,-7.6,-9.7
3.6,1.1,-12.9,29.8,-7.6,-9.7
3.6,1.1,-12.9,7.3,2.5,-2.4
4.2,2.1,-8.7,7.3,2.5,-2.4
4,1.6,-9.7,7.3,2.5,-2.4
4,1.6,-9.7,2.1,9.2,16
2,-2.7,-6.3,-77.7,24.2,190
-2.2,-9.5,-1.9,3,-6.5,-7.6
-1.9,-9,-1.8,21.2,21.1,12.1
-1.9,-9,-1.8,52.4,-38.5,-68.2
0.3,-6.9,-4.6,52.4,-38.5,-68.2
4.1,-0.2,-9.7,11.4,-32.4,-155.7
3.8,1.9,-8.8,2.4,1.5,-7.6
4.3,2.2,-8.9,-2.3,3.9,-5.8
3.8,2,-10.7,6.6,8.9,12.9
0.7,-3.2,-0.4,-29.3,11.3,187.7
-2,-9.8,-1.9,0.3,-2.1,0.9
-2,-9.8,-1.9,12.6,0.9,-19.3
-2,-9.1,-1.9,12.6,0.9,-19.3
0.7,-5.2,-5.3,69.1,-37.5,-71.3
3,1.1,-13.2,37.5,-9.8,13.8
3.6,1.8,-9,4.8,-1.8,-4.3
3.7,1.9,-8.9,-0.4,0.8,-3.7
3.7,1.9,-8.9,0.5,-0.1,-2.9
3.7,2.1,-8.9,0.5,-0.1,-2.9
3.5,1.4,-16.3,-7.1,32.3,15.3
3.5,1.4,-16.3,-45.2,26.9,1.7
-1.8,-7.6,-0.1,-45.2,26.9,1.7
-1.8,-9.3,-2.2,1.9,-0.5,-3.1
-0.3,-6.3,-1.8,44.4,-5.6,-63.9
4.1,1,-14,47.3,-1.3,-108.8
4.1,1,-14,-3.4,-0.5,-5.7
3.7,2.3,-8.5,-3.4,-0.5,-5.7
3.7,2.3,-8.5,-0.5,1.4,-1.7
3.8,2.4,-8.9,-0.5,1.4,-1.7
3.3,2.1,-18.2,-11.9,20.1,23.2
-1.5,-5.6,2.5,1.1,11.6,20.4
-1.5,-5.6,2.5,-3.4,-1,-5.9
-1.9,-9.2,-1.9,-3.4,-1,-5.9
-1.9,-9.2,-1.9,6.4,-2.7,-10
-1.8,-9.3,-2.4,6.4,-2.7,-10
0.2,-6.1,-4.2,48.9,-23.4,-106.3
3.3,0.8,-13.1,22.5,-2.9,-62.6
3.2,2,-9.1,6.3,-1.2,1.4
3.2,2,-9.1,-3.9,2.3,-3.4
3.3,2.1,-9,-3.9,2.3,-3.4
3.3,2.1,-9,-70.7,41.8,104.7
4.2,-0.3,-16.1,-70.7,41.8,104.7
-1.8,-8.3,-1.6,-2.5,-6.7,-8
-1,-8.9,-2.8,3.7,0,-6.3
-0.6,-8.7,-4.6,20,-1.7,-35
0.6,-7.5,-6.1,11.9,-9.3,-21.2
0.6,-7.5,-6.1,47.8,-43.4,-98.8
2.9,-4.2,-5,47.8,-43.4,-98.8
3.9,2.3,-8.6,-0.7,-3.2,15.9
4.2,1.2,-15.7,-26.4,31.1,19.4
-0.5,-5.3,-1.3,-28.2,20.2,68.9
-0.9,-9.4,-3.1,3.5,2.6,-8.5
-0.9,-9.2,-2.7,1.9,0.7,-0.7
-0.2,-8,-3.6,24.2,-4.9,-43.9
2.7,-3.6,-6,28,-45.1,-117.9
3.8,1.8,-9,-2.7,-7.4,15.5
4.2,1.9,-8.8,6.8,14.5,-5.9
4.3,2.1,-8.5,-0.4,-0.6,-1.3
4.2,2.3,-9,-2.2,1.1,-1.4
1.6,-3.1,-1,-15.8,14,162.7
-0.9,-9.7,-2.2,4.9,1.5,0.5
-1.1,-9.6,-2,1.3,3.3,-3.1
-1.1,-9.6,-2,1.1,1.4,-0.8
-1.3,-9.4,-2,1.1,1.4,-0.8
-1.3,-9.4,-2,11.6,-3,-11.8
-1.1,-8.9,-2,11.6,-3,-11.8
4.4,-1,-10.2,11.1,-82.4,-212.1
4.4,1.9,-8.1,-2.4,-3,1.4
4.2,1.6,-9.1,-1.2,0.5,-0.1
1.9,-2,-4.5,-49.5,33.8,213.3
-0.8,-9.5,-2.8,-1.8,-1.1,-11.3
-0.8,-9.3,-3.2,0.4,1.8,-3.9
-1,-9.2,-3.1,-1.3,0.9,-2.9
-1.1,-9.1,-3.2,0.1,3,-2.3
-1.1,-9.1,-3.2,9.6,-2.5,-6.5
-0.8,-8.8,-2.8,9.6,-2.5,-6.5
3.7,-0.3,-9.6,100.7,-85.9,-282.6
5.1,2.4,-8,21.1,-3.6,13.8
5.1,2.4,-8,-16.2,-3.5,-2.1
5.1,2.1,-7.4,-16.2,-3.5,-2.1
4.5,-0.6,-9,-138.9,21.2,183.3
4.5,-0.6,-9,0.5,-3.1,-23.3
-1.8,-9.8,-2.3,0.5,-3.1,-23.3
-1.5,-9.2,-3.6,3.5,4.9,-3.1
0.7,-5.9,-3.9,19.1,2.9,-27.1
0.7,-5.9,-3.9,20.3,-22.2,-51.8
5.5,2.6,-13.3,32.3,-9.6,-23.5
4.7,2.5,-8.2,3.4,-5,0
4.7,2.5,-8.2,-0.2,1.6,-2.7
4.6,2.5,-8.4,-0.2,1.6,-2.7
4.5,2.5,-8.3,-0.7,1.2,-2
4,2.5,-14.7,-49.3,5.7,36.8
4,2.5,-14.7,-6.7,6.6,59.2
-0.1,-6,-2.8,-6.7,6.6,59.2
-0.7,-9.3,-4,-1.5,2.2,-3.9
-0.2,-7.5,-3.3,34,-2.5,-33.1
5,1.5,-15.3,4.5,-10.8,-106.6
4.3,1.9,-8.7,2.2,-0.9,-4.9
4.1,2.1,-8.7,-1.2,2.6,-2.4
4.2,2.2,-8.5,-2.8,-3.3,7.3
4.2,2.2,-8.5,-86.8,21.6,177.9
4.5,0.5,-11.2,-86.8,21.6,177.9
4.5,0.5,-11.2,1.6,-1.9,6.2
-1,-8.3,-4.1,1.6,-1.9,6.2
-0.7,-8.5,-4.9,0.8,-1,-2.2
0.1,-6.9,-4.9,33,-14.5,-44.5
0.1,-6.9,-4.9,-0.3,-6.8,-203.3
3.9,1,-10.2,-0.3,-6.8,-203.3
4.3,3,-7.9,0.4,-2.9,7.5
4.3,3.1,-8.4,1,-0.9,0.3
3.6,2.9,-16.3,-50,32.9,10.4
0,-6,-1.4,12.5,8.1,43.4
-0.6,-8.9,-4.3,-3.1,-1.4,-3.5
-0.4,-7.9,-3.9,13.3,0,-18.5
2.2,-4.8,-8.2,40.3,-18.3,-100.3
2.2,-4.8,-8.2,20.7,10.4,-16.2
4.3,1.8,-11.2,20.7,10.4,-16.2
4.2,2.4,-8.5,4.5,1.3,-8.9
4.3,2.5,-8.5,0.3,1.7,-4.5
3.7,-0.1,-9,-93.7,9.9,155.1
3.7,-0.1,-9,0,-5.7,-1.6
-1.2,-8.4,-4.5,0,-5.7,-1.6
-0.8,-8.1,-5.3,-1.2,2,1.6
-0.8,-7.8,-5.1,8.2,-0.8,-7.8
2.6,-3.5,-4.5,103.8,-29.5,-110.9
2.6,-3.5,-4.5,-9.4,-3.5,5.9
4.6,2.7,-8.8,-9.4,-3.5,5.9
4.8,2.2,-8.5,-6.9,11.1,-8.5
4.9,2.1,-8.3,-0.4,0.6,-1.8
4.7,2.2,-8.9,-0.8,-0.9,-2.1
5.7,0.9,-8.6,-128.9,31.2,233.9
-0.9,-9.4,-3.2,0.2,1.1,-17.2
-0.5,-8.8,-4,3.4,-6.8,0.6
-0.5,-8.8,-4,11.5,-0.2,-13.9
-0.5,-8.5,-4.9,11.5,-0.2,-13.9
1.4,-5.8,-4.1,24.1,-2.2,-53.1
5.6,1.6,-14.6,30.1,1.2,-70.7
4.8,2.5,-8.4,4,0.1,-4.3
4.6,2.8,-8.3,4,0.1,-4.3
4.6,2.8,-8.3,0.7,1.9,-5.6
4.1,2.1,-8,-15.4,-2,28.3
4.1,2.1,-8,-42.5,14.8,185.6
1.3,-3.2,-4.3,-42.5,14.8,185.6
-0.1,-9.1,-4.6,5.2,2,-11.8
-0.4,-8.6,-4.5,3,1.2,-6.4
-0.1,-7.4,-4.8,32.3,-5.3,-41.5
3.3,-3.3,-6.4,19.5,-23,-92.9
3.8,2.4,-9.6,-1.8,-5.9,12
4.1,2.2,-9.2,2.9,1.7,-4
4.1,1.7,-16.5,2.9,1.7,-4
4.1,1.7,-16.5,-38.4,18.8,35.5
-0.4,-6.7,-3.9,-38.4,18.8,35.5
-0.4,-6.7,-3.9,4.1,5.3,19.4
-0.2,-8.1,-5.8,-1.1,1.7,0.3
-0.2,-8,-5.5,1.5,3.4,-3.2
-0.2,-8,-5.5,36.2,-9.3,-37.5
0.8,-6.2,-4.3,36.2,-9.3,-37.5
4.9,0.7,-11.9,4.6,-18.1,-96.1
5,1.8,-8,-0.8,-4.3,0.1
5,1.8,-8,-9.8,0.7,8.4
4.5,1.6,-8.9,-9.8,0.7,8.4
2.7,-1.4,-6.3,-51.5,15.6,165.1
-0.3,-8.4,-5.9,-0.3,-0.6,-5.4
-0.4,-8,-5.6,-0.3,1.3,2.2
-0.4,-8,-5.6,2.9,1.8,-5
-0.3,-7.6,-5.5,2.9,1.8,-5
3.1,-3.7,-8.5,41.8,-37.6,-80.8
3.6,2.2,-10.6,4.7,2,-1.3
4,2.9,-8.7,0.1,5.3,-10.6
5.2,1.3,-16,-49.3,22.8,126.8
-0.6,-8.3,-3.3,-7.2,-1.6,-2.7
-0.6,-8.3,-3.3,-2,1.5,-0.3
-0.2,-8.4,-4.8,-2,1.5,-0.3
-0.4,-8.5,-4.4,2.8,1.7,0.9
-0.1,-7.6,-4.9,17.7,-5.2,-21.5
1.9,-5.3,-6.3,17,-17.4,-36.8
4.9,1.6,-12.5,25,1.6,-18.5
4.4,2.3,-8.7,3.3,0.6,-1.9
4.3,2.4,-8.5,0.5,-0.1,-2.2
4.9,0.5,-15.6,-41.1,31.5,105.5
4.9,0.5,-15.6,-6.2,-7.4,18
-0.5,-8,-3.9,-6.2,-7.4,18
0,-8.4,-4.9,-4.2,1.5,4.2
0,-8.4,-4.9,4.4,1.7,-6.5
-0.2,-8.5,-4.6,4.4,1.7,-6.5
0.2,-7.1,-5,28.6,-6,-34.2
3.8,-2.4,-10.3,28.4,-24.9,-95.1
3.9,1.5,-9.3,-6.4,-3.4,11.5
3.9,1.5,-9.3,-0.5,3.5,-10.3
4.3,1.7,-8.8,-0.5,3.5,-10.3
4.2,0.9,-13,-30.3,21.6,60.3
-0.4,-6.8,-3.7,-8.5,7.7,29
-0.7,-8,-5.5,2.9,0.6,0.9
-0.7,-8,-5.5,21.7,0.4,-22.9
0,-7.2,-5.4,21.7,0.4,-22.9
3,-3.3,-8.1,42.2,-24.8,-85.9
4,1.6,-8.9,-1.3,-2.9,3.4
4.4,1.9,-8.6,0.4,-0.7,-2.6
4.3,2.1,-9,1.1,-0.7,4.8
2.3,-1.3,-3.5,1.1,-0.7,4.8
2.3,-1.3,-3.5,-75.1,1.5,199
-0.9,-9,-4.9,4.2,-1.6,-10.1
-0.6,-8.5,-4.9,1,-0.4,-0.9
-0.8,-8.4,-4.7,1.8,-0.4,2.5
-0.8,-8.4,-4.7,2.1,1.8,-3.7
-0.8,-8.2,-4.4,2.1,1.8,-3.7
-0.8,-8.2,-4.4,35.5,-34.7,-80.7
1.8,-5.7,-7.4,35.5,-34.7,-80.7
4.9,2.7,-12.7,16.7,2.5,-58.8
4.4,2.5,-8.4,0.8,-1.7,-6.1
3.6,0.4,-9.4,-124.5,5.5,200.5
-1,-8.9,-3.2,0.8,-7.3,-21.3
-0.9,-8.6,-4.8,-1.1,-0.3,-2.7
-0.9,-8.6,-4.8,28.2,-17.2,-48.2
0.3,-6.4,-3.9,28.2,-17.2,-48.2
3.9,-0.3,-8.8,12.4,-20.4,-112.3
4.4,1.9,-8.2,-1.5,-11.4,11
4.4,1.9,-8.2,-2.4,1.2,-0.8
4.5,2,-8.6,-2.4,1.2,-0.8
4.4,2.1,-8.6,0.8,-1.4,-0.8
2.1,-0.8,-3.6,-71.4,11,229.9
-0.4,-9.1,-4.5,5.4,2,-2.1
-0.4,-9.1,-4.5,2.2,1.8,-6.1
-0.5,-8.8,-4.1,2.2,1.8,-6.1
-0.2,-8.2,-3.8,7.4,1.5,-17.8
3.3,-1.8,-9.6,58.7,-60.4,-162.3
3.3,-1.8,-9.6,2.5,-8,6.3
4.3,2,-8.2,2.5,-8,6.3
4.2,2,-8.7,-1.4,0.7,-1.4
2.6,-1.4,-7,-76.9,19.4,214.9
-0.6,-9.3,-5.1,11.4,-4.8,-15.9
-0.6,-9.3,-5.1,-3.6,0.2,6.9
-0.4,-8.6,-4.5,-3.6,0.2,6.9
-0.5,-8.5,-4.4,0,2.7,-1.1
0,-6.8,-4.5,33.8,2.8,-32.6
0,-6.8,-4.5,22.7,-15.4,-168.3
4.3,0.1,-12,22.7,-15.4,-168.3
4.3,0.1,-12,3.1,-2,2.1
4.3,2.1,-8.3,3.1,-2,2.1
3.9,2,-9.4,1.5,0.8,3.3
1.1,-3.6,-2.1,1.5,0.8,3.3
1.1,-3.6,-2.1,-42,-2.1,123.1
-0.2,-8.4,-5,1.3,5.5,4.6
0.1,-7.6,-5.3,28.1,0.4,-39.2
0.1,-7.6,-5.3,21.3,-12.6,-41.6
1.9,-5.3,-7.6,21.3,-12.6,-41.6
5.4,2.2,-10.3,4.5,-16.7,-93.5
5.4,2.2,-10.3,1.2,-2.5,-0.9
4.5,3.1,-8.1,1.2,-2.5,-0.9
3.8,2.8,-10.2,-5,6,0.8
0.9,-4.4,-0.1,-53.5,11.7,118.9
0.4,-8.6,-4.6,2.8,0.5,-1.2
0.4,-8.6,-4.6,1.3,8,-5.8
0.1,-8.7,-4.6,1.3,8,-5.8
0.4,-7.7,-4.4,1.3,8,-5.8
0.4,-7.7,-4.4,12.3,-0.8,-25
5.2,1.5,-12.8,31.8,-21.4,-181.1
3.9,2.2,-8.8,-1.9,-3.4,0.4
3.8,2,-9.1,4.5,0.7,-6
-0.1,-7.7,-5.8,-2.4,-0.1,1.6
-0.2,-8.2,-5.7,-2.7,-1,6.6
-0.2,-8.5,-4.7,-2.8,-1.6,2.6
-0.2,-8.5,-4.7,16,0.2,-14.9
-0.2,-8.1,-4.8,16,0.2,-14.9
-0.2,-8.1,-4.8,46.5,-1.3,-89.8
1.4,-4.2,-8.1,46.5,-1.3,-89.8
4.1,2.7,-11.1,9.9,7.1,-32.2
3.8,3,-8.3,4.2,0.4,-3.3
4.8,2.8,-18.1,-44.7,18.6,120.6
4.8,2.8,-18.1,-4.9,-14.7,-2.7
-0.5,-8.6,-4.5,-4.9,-14.7,-2.7
-0.2,-8.3,-5.5,-5.1,-1.7,6.8
-0.2,-8.3,-5.5,-0.9,3,2.3
-0.4,-8.2,-5.3,-0.9,3,2.3
-0.1,-7.6,-4.6,9.2,2.5,-20.3
3.7,-0.1,-10.2,35.4,-26.5,-152.4
4.3,3,-7.8,-7.1,-5.7,7.6
4,3,-8.5,-0.7,1.6,-5.7
3.9,3.1,-8.4,0.4,1,-4.2
3.9,3.1,-8.4,-144.5,-2.3,247.7
4.4,1.6,-14.4,-144.5,-2.3,247.7
0.6,-9.3,-4.7,-8.3,4.7,-5.3
0.6,-9.3,-4.7,0.8,-0.2,-5.9
0.1,-8.1,-5.2,0.8,-0.2,-5.9
0.2,-7.4,-6,19.6,0.9,-25.9
2,-5.2,-7.7,27.2,-8.9,-56.1
6.1,2,-13.8,19.4,-6.6,-52.4
6.1,2,-13.8,1.9,1.7,-10.4
4.6,2.1,-8.5,1.9,1.7,-10.4
4.6,2.1,-8.5,2.3,-0.8,-1.9
4.2,2.6,-8.6,2.3,-0.8,-1.9
5.3,0.4,-9.5,-122.8,29.5,215.5
5.3,0.4,-9.5,3.1,-5.6,-14
-0.2,-8.4,-4.9,3.1,-5.6,-14
-0.1,-7.9,-5.5,5.2,6.9,-4.3
0.1,-8.2,-5.4,15.9,5.8,0
0.1,-8.2,-5.4,11.8,0.1,-29.1
0.5,-6.5,-5.4,11.8,0.1,-29.1
6,1.8,-14.4,-6.4,7.5,-161.9
6,1.8,-14.4,1,-1.3,4.2
4.3,2.7,-8.3,1,-1.3,4.2
4.7,2.5,-14.6,-50.1,23.4,85.4
-1.1,-8.3,-3,-3.3,-3.7,19.5
-1.1,-8.3,-3,7.8,0.4,-10
-0.6,-8,-4.9,7.8,0.4,-10
0.6,-6.4,-6.1,21.1,-16,-37.9
3.8,0.8,-13.6,-1.8,4.7,-86
4.1,2.4,-8.6,-1.2,-3.1,-1.4
4.1,2.4,-8.7,-0.2,0.6,-4.8
3.6,1.2,-7.6,-104.7,-2.9,241
-0.5,-8.7,-5.7,1.4,-0.8,-10.6
-0.6,-8,-5.3,2.8,-3.1,-2.6
-0.5,-7.8,-5.9,1.5,1.7,-2.7
0.3,-6.7,-6.2,27.3,-0.9,-31.3
0.3,-6.7,-6.2,41.5,-13.5,-132.6
3.6,0.5,-10.6,41.5,-13.5,-132.6
3.9,3.4,-7.8,-5.6,-5.6,12
3.8,3.4,-8.4,-1.6,3.4,-5.9
3.8,3.6,-8.3,-1.1,0.2,0
3.8,3.6,-8.3,-7.3,-14.3,30
3.2,3.6,-10.6,-7.3,-14.3,30
1.5,-2.9,-4.3,-42.2,-1,124.1
-0.2,-7.3,-6.9,5.7,3.4,-6.8
-0.1,-7.4,-6.4,4.8,2.5,0.2
0.6,-5.2,-6.2,53,-3.9,-56.4
4.3,2.3,-11.1,53,-3.9,-56.4
4.3,2.3,-11.1,-5.7,4.4,-75.6
4.2,3.3,-7.9,2.6,-0.3,-6
3.8,3.4,-8.5,-0.9,0.5,-1.9
3.8,3.5,-8.4,0.9,4,-7
3.8,3.5,-8.4,-78.3,-15.2,245.8
2.7,1,-5.8,-78.3,-15.2,245.8
-1,-7.8,-6.7,2.4,-3.8,-15.8
-1,-7.6,-6.4,4.1,4.4,-2.5
-0.7,-7,-6.5,10.4,-0.2,-10.6
-0.7,-7,-6.5,30,-41.5,-120.6
2.5,-2,-7.6,30,-41.5,-120.6
3.6,3.3,-8.3,-10.7,-4.7,16.6
4.1,3.2,-8.5,-3.4,0.2,-0.7
4.1,3.2,-8.5,1.4,0.7,-0.2
3.8,3.4,-8.4,1.4,0.7,-0.2
3.8,3.4,-8.4,-62.6,-10.1,170.6
4.1,3.8,-16.6,-62.6,-10.1,170.6
-1.4,-8,-5,5.1,2.1,-20.3
-0.2,-5.9,-6.7,45.5,-1.9,-51.7
3,-0.8,-9.4,12.9,-5.4,-82.6
3.5,2.2,-8.9,-11.9,-1.6,9.6
3.5,2.1,-8.9,-3.8,3.3,-9.1
3.6,2.4,-8.8,-0.8,0.9,-2.6
3.5,2.5,-8.7,2.8,4.2,-7.1
3.5,2.5,-8.7,-105.2,-20.4,167.4
3.4,1.3,-10.1,-105.2,-20.4,167.4
-0.8,-7.5,-6.5,6.3,-4.5,-6.9
-0.3,-6.7,-6.2,11.7,4.4,-14.8
1.4,-4.4,-8,23.7,-6.2,-57.4
3.9,1.5,-10.8,7.4,-10,-82.9
3.9,1.5,-10.8,-2.4,-3.2,0.5
3.9,2.3,-8.7,-2.4,-3.2,0.5
3.9,2.7,-8.7,-4.4,4.8,-11.1
3.7,3.1,-8.5,2.4,2.6,-0.8
3.7,3.1,-8.5,-113,0.2,174.4
3.9,2.6,-13.3,-113,0.2,174.4
-0.5,-7.8,-4.7,5.7,-12.4,-3.2
-0.3,-7.5,-5.5,10.9,10.6,-18.9
0.4,-6,-7.3,31.4,-5.9,-36.1
0.4,-6,-7.3,31.3,-7.8,-78.2
2.6,-2.1,-8.1,31.3,-7.8,-78.2
2.6,-2.1,-8.1,2.1,8,-3.2
3.5,1.8,-9.7,2.1,8,-3.2
3.9,1.8,-8.9,1.5,-3.3,4.8
3.1,1.7,-15.6,-37.5,11.3,40.7
-0.5,-6.9,-3.9,-0.5,-1.3,0.5
-0.5,-6.9,-3.9,23.8,4.8,-26.2
-0.1,-6.8,-5.7,23.8,4.8,-26.2
1.1,-5.2,-7.3,19.7,-4.7,-45.5
3.2,0.5,-10.4,14.3,0.1,-94.1
3.5,1.8,-8.7,-0.8,0,-4.3
3,1.8,-10,-5.1,-6.2,18.5
3.2,-0.6,-10.1,-78.1,-5.2,248
-0.3,-9.1,-5.2,6.1,4.8,-19
-0.6,-8.6,-5,1.6,1.5,-2.1
-0.6,-8.6,-5,0.3,1.6,1.9
-0.8,-8.5,-5,0.3,1.6,1.9
-0.9,-8.3,-4.7,2.5,1.6,-2.2
1.8,-1.9,-6.6,69,-44.1,-218.4
3.3,2.2,-8.1,-0.9,-0.5,7.6
3.3,2.2,-8.1,0.1,-1.6,-4.9
3.6,2,-9,0.1,-1.6,-4.9
3.6,2,-9,-0.4,1.9,-1.6
3.5,2.1,-9,-0.4,1.9,-1.6
2.2,-2.2,-5.3,-69,13.7,188.1
-0.3,-9.1,-4.6,3.9,3.6,-11.6
-0.3,-9.1,-4.6,3.2,0.7,-0.7
-0.3,-8.7,-4.3,3.2,0.7,-0.7
0,-8.1,-3.5,3.2,0.7,-0.7
0,-8.1,-3.5,7.9,1.1,-12
3.5,0.7,-12.3,47.5,-4,-163.8
3.8,2.6,-8.7,-3.4,-1,-0.4
3.5,2.7,-8.8,1,-0.2,0.6
3.5,2.8,-9,0.8,-0.2,-2.6
3,0.6,-8.9,-85.8,-21.4,247.8
-0.3,-8.6,-5.3,-85.8,-21.4,247.8
-0.3,-8.6,-5.3,10,2.8,-13
-0.4,-8.3,-5.1,2.1,3.8,-3
0.7,-4.3,-6.5,85.3,18.6,-122.1
3.3,3.3,-10.4,12.1,-1,-1.2
3.7,3.2,-8.6,12.1,-1,-1.2
3.7,3.2,-8.6,0.6,1.1,-4.8
3.8,3.4,-8.5,0.6,1.1,-4.8
3.8,3.4,-8.5,0.7,1.1,0.1
4.6,1.8,-14.4,-102,4.3,230.3
4.6,1.8,-14.4,1.2,-4,-18.3
-0.5,-8.4,-4.5,1.2,-4,-18.3
-0.4,-7.9,-5.6,1.6,-1,-4.5
0.6,-5.8,-7.9,30.4,-2.4,-56.5
3.1,-0.4,-9.3,21.2,9.9,-57.2
3.7,1.9,-8.7,-3.9,-5.5,0.4
3.7,2.3,-8.7,0.6,2.5,-17.8
2.7,1.7,-15.6,-29.4,2.2,51.6
-0.3,-7,-2.4,-12.7,-17.4,18.7
-0.6,-8,-5.8,-0.5,-1.6,-4.7
-0.6,-7.8,-5.7,0.9,0.3,-0.3
-0.6,-7.7,-5.6,3.6,-3.2,2.5
0.2,-6.9,-5.6,16.9,5.4,-20.5
4.5,1.1,-10.6,65.1,-34,-155.4
4.3,3.4,-8.1,-4.2,2.4,-6.5
3.8,3.5,-8.3,-3.4,-1.2,4.9
3.9,3.4,-8.4,-3.4,-1.2,4.9
3.9,3.4,-8.4,-0.4,0.8,-4.6
3.9,3.4,-8.4,-80.1,-7.1,229
4.2,1.7,-12.6,-80.1,-7.1,229
-0.5,-8.8,-4.7,-80.1,-7.1,229
-0.5,-8.8,-4.7,12.4,5.2,-27
-0.5,-8.8,-4.7,-1.1,-3,-5.4
-0.4,-8.2,-5.5,-1.1,-3,-5.4
-0.3,-7.9,-5.5,-1.1,-3,-5.4
-0.3,-7.9,-5.5,6.3,1.4,-1.3
0.9,-5.5,-4.9,37.6,5.8,-64.6
3.9,1.8,-13.6,9.8,14.3,-38.9
2.8,1,-10,-95.6,-21.6,171.3
-1.4,-8.2,-5.1,-3.4,-5.5,-23.9
-1.4,-8.2,-5.1,-3.6,-1.1,-2.8
-1.2,-7.8,-5.8,-3.6,-1.1,-2.8
-1,-7.7,-6,0.2,0.8,-0.1
0,-4.7,-5.7,63,-2.3,-77.8
4.9,4.8,-12.3,9.2,16.3,-50.4
4.3,3.8,-7.9,6,1.7,-5.4
4.3,3.8,-7.9,-2.3,0.8,-3.8
4.1,4,-8.1,-2.3,0.8,-3.8
3.8,4.1,-8.5,2.5,-0.2,1.5
1,-2.6,-3.4,-59.3,-20,160.9
-0.3,-7.8,-6.4,2.7,2.3,-1.7
-0.3,-7.8,-6.4,-0.1,3.1,2.1
-0.5,-7.7,-6.3,-0.1,3.1,2.1
-0.5,-7.7,-6.3,5.3,3.9,-6.6
-0.4,-7.5,-6.1,5.3,3.9,-6.6
0.2,-6.7,-5.8,10.2,1.2,-22.2
0.2,-6.7,-5.8,22.4,-6.7,-174.1
4.3,2.9,-14.1,22.4,-6.7,-174.1
3.6,3.4,-11.1,5.8,1.6,11.8
0.1,-5.1,-3.3,-20.5,-3.8,51.6
-0.4,-7.2,-6.6,0.6,1.2,0.6
-0.4,-7.2,-6.6,8.3,4.8,-7.1
-0.1,-7.1,-6.4,8.3,4.8,-7.1
0.4,-5.7,-7.1,28,6.5,-43.1
3.4,1.7,-8.7,64.7,-3.2,-135.4
4.3,3.6,-7.6,-3.6,-6,-0.2
4.1,3.8,-8,-1,1.6,-1.2
4.1,3.8,-8,-0.5,-0.8,2.8
4.1,3.8,-8,-0.5,-0.8,2.8
4.3,2.1,-11.8,-62.2,-31.6,208.3
4.3,2.1,-11.8,8.5,6.9,-17.3
0.3,-8.5,-4.7,8.5,6.9,-17.3
0.5,-7.8,-5.8,-7.6,-2.1,-9.8
0.2,-8,-5.6,4,2.3,-0.4
0.2,-8,-5.6,19.1,4.5,-23.7
0.6,-7.3,-5.4,19.1,4.5,-23.7
0.6,-7.3,-5.4,10.8,22.3,-119.1
4.9,2.9,-15.2,10.8,22.3,-119.1
4.2,3.1,-8.4,3.2,-1.9,-0.5
3.4,1.5,-8.1,-96.6,-29.8,263.4
3.4,1.5,-8.1,11.6,9.3,-17
0.2,-8.1,-6.1,11.6,9.3,-17
0.6,-7.7,-5.9,3.4,-2.5,-5.9
0.6,-7.7,-5.9,39,6.7,-58.2
0.8,-6.2,-7.1,39,6.7,-58.2
5.4,4.3,-13.6,8.4,2.9,-164.9
4.6,3.7,-8,1.3,-3.6,-1.6
4.6,3.7,-8,1.9,-0.1,-4.1
4.1,4,-7.9,1.9,-0.1,-4.1
4.6,1.5,-11.2,-41.6,0.3,249.2
0.8,-8.7,-5.3,27.6,9.1,-26.7
0.9,-7.9,-5.9,-5,-0.1,4.5
0.9,-7.9,-5.9,1.8,0.1,-0.3
0.8,-7.9,-5.7,1.8,0.1,-0.3
0.8,-7.9,-5.7,64.8,13.1,-134
2.2,-3.8,-4.3,64.8,13.1,-134
4.1,1.4,-10.9,6.2,-6.5,2
3.8,1.5,-8.9,7,-9.6,0.7
2.5,-1.5,-6.3,-99,-33.4,192.2
2.5,-1.5,-6.3,11.4,6.6,-16.1
0,-8.7,-5.8,11.4,6.6,-16.1
0,-8.3,-5.5,-1.3,3.5,-2.9
0.3,-7.3,-5.4,28.5,7.9,-27.7
2.7,-4.1,-8.6,17.5,4.5,-64.7
3.4,1.6,-10.3,-8.9,-2.6,6.3
2.9,0.4,-9.1,-4,6.2,7.3
2.5,0.4,-9.4,-1.2,-4.2,-1.5
2.5,0.4,-9.4,-86,-24.3,180.2
2.4,-2.3,-5,-86,-24.3,180.2
-0.8,-8.4,-5.6,8.5,6.7,-6.1
-0.8,-8.4,-5.6,3.6,-2.2,4.8
-0.8,-8,-5.3,3.6,-2.2,4.8
-0.8,-8,-5.3,-0.2,6.4,-6.3
-0.7,-7.8,-5.3,-0.2,6.4,-6.3
1.9,-2.2,-7.4,139.7,-42.5,-131.8
4.1,-0.1,-9.2,-7.4,6.3,3
4.1,-0.1,-9.2,-1.2,4.4,-6.1
3.9,-0.3,-8.7,-1.2,4.4,-6.1
2.9,-1.4,-14.4,-21.2,5.5,44.4
0.3,-7.5,-1,-24.7,13,11
-0.7,-8.6,-4.8,3.8,3.2,2.5
-1,-8.6,-4.5,-0.5,4.8,-4.7
-1,-8.6,-4.5,33.9,13.2,-32.2
-0.2,-7.7,-5.1,33.9,13.2,-32.2
-0.2,-7.7,-5.1,23.5,-17.5,-69.5
2.9,-2.5,-10.4,23.5,-17.5,-69.5
3.7,0.7,-8.9,-1.8,-4.2,7.7
3.8,0.8,-9,-3.1,-0.2,-0.7
3.1,-0.9,-7.8,-116.7,-7.7,217.3
-1,-9,-4.5,16.5,-3,-2.6
-0.8,-8.6,-4.6,-2.3,-1.1,-1.6
-1,-8.5,-4.3,-0.4,-0.4,3.3
-1,-8.5,-4.3,64.9,2.6,-89.8
0.4,-5.9,-6,64.9,2.6,-89.8
4.4,0.7,-13.1,23,-11.1,-53.4
4.2,1.4,-8.7,-3.1,-0.1,-1.6
4,1.7,-8.7,-0.3,0.6,-3.1
3.9,1.8,-9,3.1,-1,1
2.2,-2.2,-4.5,-85.1,-27.1,191.6
-1,-8.5,-5.1,2.6,5.8,-9.5
-1.4,-8.5,-4.9,2.5,1.3,-2.7
-1.4,-8.5,-4.9,3.6,-0.2,-5
-1.2,-8.4,-4.5,3.6,-0.2,-5
1,-4.6,-6.6,33.3,0.2,-67.2
4.1,0.1,-11,20.5,-2.2,-12
3.1,0.4,-9.2,-12.9,5.3,19.2
2.4,-0.3,-9.7,-12.9,5.3,19.2
2.4,-0.3,-9.7,26.1,-12,-1.7
2.7,1.7,-13.8,7.5,13.8,-10.1
0.7,-5.8,0.6,-25.8,-1.3,96.6
-0.1,-9.1,-3.2,12.8,-1.7,16.5
1,-8.3,-3.4,19.1,-5.9,-27.1
3.5,-3.5,-7,31.6,-18.9,-115.6
4.2,1.9,-8.9,-15.4,-1.2,15.6
4.6,2,-8.5,-15.4,-1.2,15.6
4.6,2,-8.5,-1.4,1.9,-9.2
4.7,2.2,-8.4,-1.4,-1.3,-1.8
4.7,2.2,-8.4,-4.6,5.3,4.7
4.4,1.9,-9.7,-4.6,5.3,4.7
1.3,-2.1,-4.6,-34.2,-26.7,219.3
0.5,-8.5,-5.2,3.3,-0.1,-5.6
0.5,-8.5,-5.2,-1.6,-2.2,-1.8
0.4,-8.1,-5.1,-1.6,-2.2,-1.8
1.2,-6.6,-5.3,26.1,0,-39.6
4.4,1.2,-14.3,11,-1.9,-82.1
3.9,2.2,-8.5,1.5,-1.2,-8.6
3.8,2.4,-8.8,1,2.4,-2.5
3.8,2.4,-8.8,8.6,19.3,-6.2
3.4,2.5,-13.4,8.6,19.3,-6.2
3.4,2.5,-13.4,-1.3,-8.2,21.8
1.2,-6.3,-3.7,-1.3,-8.2,21.8
1.2,-6.3,-3.7,-1.3,8.2,-8.7
0.3,-7.7,-6.1,-1.3,8.2,-8.7
0.7,-6.7,-6.2,21.1,5.3,-22.4
2.7,-0.4,-10.2,45.7,-29.5,-174.9
3.6,1.7,-8.7,-2.5,-5,-4.9
3.6,1.7,-8.7,-2.8,2.8,-6.7
3.4,1.9,-9.1,-2.8,2.8,-6.7
3.4,1.9,-9.1,2.9,1.5,-2.6
3.2,2,-9.1,2.9,1.5,-2.6
2.9,0.3,-4.1,-76.4,-39.1,280
0.8,-8.4,-5.4,-4.3,-1.3,-7.4
0.8,-8.4,-5.4,2.7,5.5,-9.4
0.6,-8.1,-5.3,2.7,5.5,-9.4
2.8,-4.2,-6.6,50.5,-8,-84.1
3.7,1.7,-11.4,-0.7,-1.3,-7.8
3.7,1.7,-11.4,1.2,-1.1,-5.6
3.6,1.7,-9,1.2,-1.1,-5.6
3.4,1.9,-9.4,3.7,1.1,1.5
2.2,-3.5,-2.1,-69.3,-21.2,159.4
0.6,-7.9,-6.2,2,1,1.1
0.4,-7.7,-6,2,1,1.1
0.4,-7.7,-6,0.6,3.1,-2.1
1.4,-6.9,-5,16.8,0.1,-14.2
3.4,2.4,-11.4,15,-13.6,-184.3
3.3,3.2,-8.2,1.3,-2.3,4.7
3.5,3.2,-8.5,-4.9,0.1,6.3
3.5,3.2,-8.5,1.2,2,4.2
3.4,3.2,-9.1,1.2,2,4.2
1.8,-2.3,-2.4,-18.3,-14.9,165
1,-7.8,-6.3,-18.3,-14.9,165
1,-7.8,-6.3,3.6,-1,2.8
0.9,-7.5,-6.1,1.2,-1.2,-11.2
1.2,-7,-6,9.4,3.8,-15.7
2.5,-3.5,-6.4,27.9,-12,-80.9
3.3,1.7,-9.4,-17.4,-2.8,8.7
3.3,1.7,-9.4,-3.3,-1.2,-1.5
3.6,1.9,-9,-3.3,-1.2,-1.5
3.6,2.1,-9,0.5,1,-2.1
3.5,1,-11.8,-88.5,-7.5,188.8
0.3,-8,-6.4,20,0.6,-25.1
0.9,-7.6,-6.2,-0.6,-0.7,9
0.7,-7.5,-6,0.7,-0.3,-1.7
1.8,-4.6,-6.4,51.7,0.3,-84.6
1.8,-4.6,-6.4,25.4,-4.8,-0.7
3.9,2.4,-13.1,25.4,-4.8,-0.7
3.9,2.4,-13.1,2.3,-1.8,-6.9
3.7,2.6,-8.9,2.3,-1.8,-6.9
3.5,2.7,-8.7,-0.9,-0.3,-3
3,0.1,-4.9,-66.7,-25.2,213.6
3,0.1,-4.9,5.8,0.9,-5.1
0.8,-7.1,-7,5.8,0.9,-5.1
0.7,-7.2,-6.7,-0.2,-1.9,1.8
0.7,-7.2,-6.7,0.6,0.4,-1.2
1.4,-6.5,-5.3,20,6.3,-14.8
2.3,-0.7,-9.7,3.9,-11.9,-59.9
2.3,-0.7,-9.7,-59.3,-30.6,39.1
2.6,0.4,-9.3,-59.3,-30.6,39.1
2.1,1.5,-10.1,-8.1,-18.1,-9.6
4,-1.1,-16.7,7.9,55.6,77.4
1.8,-7,-4,-0.1,-13.7,25.7
1.6,-8,-5.3,-0.5,1.9,-8.1
1.6,-7.9,-6.2,14.6,6.1,-18.2
2.7,-2.1,-9,26.8,-7.3,-103.3
2.7,-2.1,-9,-6.4,3.7,0.6
3.4,-0.2,-9,-6.4,3.7,0.6
3.4,0.5,-9.3,-2.1,-0.4,-12.6
3.6,-0.8,-15.6,11.8,-22.6,137.7
3.6,-0.8,-15.6,7.1,-12.4,0.7
2.6,-7.8,-4.4,7.1,-12.4,0.7
2.3,-8,-5.2,-6.2,-2.1,1.3
2.2,-8.1,-5.2,-0.4,1.1,-2.6
2.2,-8.1,-5.2,0.8,-0.4,-9.9
2.4,-7.9,-4.8,0.8,-0.4,-9.9
2.4,-7.9,-4.8,18.8,-14,-153.6
3.3,-2.2,-7.9,18.8,-14,-153.6
3.1,1.1,-9.1,-11.2,-13.6,18.6
3.2,0.7,-9.4,-0.9,4.1,-3.2
3.2,-0.8,-12.5,-19.9,-7.1,163
3.2,-0.8,-12.5,-2.4,1.8,-34.7
2.4,-8.8,-4.2,-2.4,1.8,-34.7
2.5,-8.3,-4.7,-3.4,-1.6,-0.9
2.3,-8.3,-5.1,0.5,3.1,-1.9
2.5,-7.4,-4.4,16.8,3.6,-34.8
3.8,-0.9,-11.9,7.7,1,-140.5
3.2,0.8,-9.1,-1.8,-4.7,-1.4
3.2,0.8,-9.1,-0.7,-2,1.7
3,0.8,-9.2,-0.7,-2,1.7
3,1,-9.4,0.1,1.2,-0.4
3,1,-9.4,-32.4,-14.2,232.7
3.1,-0.9,-8.7,-32.4,-14.2,232.7
1.7,-9.1,-4.8,11.4,3.4,-17.2
1.7,-9.1,-4.8,-0.1,0,1
2.1,-8.6,-4.3,-0.1,0,1
2.1,-8.6,-4.3,-3.4,1.1,-2.5
1.8,-8.5,-4.7,-3.4,1.1,-2.5
2.4,-3.5,-6.2,45.3,-2.9,-170.7
3,0.9,-8.8,-13.3,-2.4,19.5
1.8,-4.3,-2.7,-34.8,-10.5,164.3
1.3,-8.7,-4.7,2.2,1.6,-6.5
1.3,-8.7,-4.7,3.5,-1.5,0.9
1.5,-8.6,-4.7,3.5,-1.5,0.9
1.3,-8.4,-5,6.3,4,-11.2
1.6,-8.3,-5.2,6.3,4,-11.2
1.6,-8.3,-5.2,2.2,1.3,-6.6
1.9,-6.1,-3.7,9.2,-4.2,-52.1
2.2,-0.3,-10.8,-15.7,16.8,-5.3
2.2,-0.3,-10.8,2.3,3.2,-3.8
2.7,0,-9.6,2.3,3.2,-3.8
2.1,-3.3,-3,-37,-7.6,172.1
1.3,-8.5,-4.9,6.1,-0.5,2.1
1.2,-8.3,-5.1,-1.3,-0.8,1.4
1.2,-8.3,-5.1,2.1,0.6,1.4
1.3,-8.3,-4.8,2.1,0.6,1.4
1.3,-8.3,-4.8,3,1.4,-2.1
1.4,-7.7,-4.8,13.3,2.9,-22.9
3.6,-0.4,-16.6,13.3,2.9,-22.9
3.6,-0.4,-16.6,18.9,-4.5,-68.8
2.4,0.7,-9.6,-0.7,2,-6
2.1,-0.2,-13.7,-13.6,-18.8,135.1
1.3,-8.1,-4.6,18.1,-5,-34.2
1.3,-7.8,-5.7,-0.3,-1.7,-0.1
1.4,-7.3,-5.7,12.7,6.7,-23.9
1.9,-1.5,-7.9,19.4,9,-134.3
2.9,2,-9.2,19.4,9,-134.3
2.9,2,-9.2,-4.8,-7.7,24.5
2.6,1.2,-9.5,-1.2,4.9,-3.5
2.4,1.3,-10,-2.6,2.8,-1.6
2.3,-1.7,-5.9,-48.8,-24.2,177.6
0.9,-7.3,-6.5,9.3,4.6,3.7
1.1,-7.2,-6.1,20.6,4.7,-16.7
2.8,1.1,-12.3,31.1,-27.9,-130.8
2.8,0.4,-9.1,-4.6,-8.5,5.6
2,0.4,-9.4,-0.7,9.5,-6.9
2,0.4,-9.4,8.3,3.9,-4.3
2.8,0.8,-9.2,8.3,3.9,-4.3
0.6,0.1,-16.5,-51.5,-1.6,41.2
-0.2,-7.8,-4.5,-4.9,-10.7,-1
-0.3,-8,-6.2,-3.5,-2.6,-1.7
-0.2,-7.9,-6.1,-2.7,-0.8,0.1
-0.2,-7.9,-6.1,2,2,0.5
-0.4,-7.8,-6.1,2,2,0.5
0.4,-4.7,-5.9,71.4,-14.8,-90.1
2.4,2.1,-9.4,-4.8,10.6,-17
2.4,2.1,-9.4,-0.1,0.2,-2.9
3.1,2.5,-9,-0.1,0.2,-2.9
3.1,2.5,-9.1,0,0.7,0.9
3.2,2.6,-9.1,0.4,0.9,-0.6
3.2,1.3,-10,-70.8,-23.8,262.5
0.6,-7.7,-7.1,1.9,-2.2,-5.7
0.6,-7.7,-7.1,-0.1,0.9,-1
0.7,-7.2,-6.6,-0.1,0.9,-1
0.7,-7.2,-6.6,0.9,-0.2,0.3
0.7,-7.1,-6.5,0.9,-0.2,0.3
2.5,1.4,-13.1,-6.3,-9.8,-266.7
2.6,2.9,-8.3,-1.3,2.2,6.3
2.5,2.7,-9.4,-1.3,2.2,6.3
2.5,2.7,-9.4,1.1,0.5,3.8
1.7,-2.1,-4.9,-49.9,1.7,155.2
1.7,-2.1,-4.9,1.1,0.4,4.2
0.4,-7.6,-6.9,1.1,0.4,4.2
0.4,-7.3,-6.6,3.7,2.8,-3.5
1.3,-6.4,-6.3,20.6,4.2,-26.7
1.3,-6.4,-6.3,35.8,-0.7,-62
2.7,-2.4,-8.2,35.8,-0.7,-62
3.2,2.4,-9,-15,-4.6,7.1
2.8,2,-10.9,1.3,0.1,15.4
1.9,-4.6,-3.2,-36.9,-11.2,105.8
1.9,-4.6,-3.2,-5.5,-0.3,0.4
1,-7.6,-6.6,-5.5,-0.3,0.4
1.1,-7.2,-6.6,2.6,-1.7,12.5
1.3,-7.3,-6.1,3.2,3.5,-6.7
2.1,-3.6,-6,3.2,3.5,-6.7
2.1,-3.6,-6,50,-3.2,-99
2.8,1.9,-10,-5.5,-4,17.4
3.3,2.5,-9.1,2,-0.2,-1.9
3.3,2.5,-9.1,1.2,2.5,-2.4
3.4,2.5,-9,1.2,2.5,-2.4
3.1,2.4,-10.4,10.1,-3.4,15.5
1.9,-4.6,-2.9,-16.7,-7.1,108.4
1.6,-7.6,-6,-0.4,-1.6,7.5
1.2,-7.5,-6.2,5,3.7,-6.6
1.2,-7.5,-6.2,57.8,16.3,-64.1
2.1,-5.8,-5.4,57.8,16.3,-64.1
4.1,3.1,-13.5,5.8,-0.2,-78.6
3.3,2.7,-8.7,2,2.7,-9.3
3.2,2.6,-9.7,11.3,-4.1,10.8
3.2,2.6,-9.7,-33.2,-0.4,123.7
2,-4.3,-4.2,-33.2,-0.4,123.7
2,-4.3,-4.2,-3.9,-1.7,-2
1.3,-7.8,-6.2,-3.9,-1.7,-2
1.4,-7.8,-5.9,-2.2,-0.1,-4.4
1.5,-7.8,-5.8,1.3,0.2,0.4
1.5,-7.6,-6,4.5,0.6,-7.7
1.5,-7.6,-6,31.5,-1.6,-57.1
2.5,-5.6,-4.9,31.5,-1.6,-57.1
2.5,-5.6,-4.9,-2,2.5,-62.8
4.6,1.5,-12.3,-2,2.5,-62.8
3.8,1.8,-9,1.1,1.4,-2.3
3.2,-1.2,-7.5,-61.5,-1.5,190.7
1.1,-7.5,-6.2,-0.1,5,-18.9
1.3,-7.1,-6.6,-5.8,-1.9,-8.8
1.3,-7.1,-6.6,16.7,8.5,-19.8
1.7,-6.8,-6.2,16.7,8.5,-19.8
3.2,-2.8,-7.7,25,-4.9,-86
3.1,2.3,-9.1,-17.4,-2.3,16.3
3.4,2.4,-9,0.2,2,-3.3
3.4,2.4,-9,6.9,-0.8,8.5
3.1,2.3,-10.4,6.9,-0.8,8.5
1.8,-5,-4.1,-15.7,-2.8,73.2
1.8,-7.3,-6.5,-6.4,-2.7,3.8
1.6,-7.4,-6.1,0.2,0.4,-0.6
1.9,-6.8,-5.9,13,-0.4,-14.4
2.5,-3.8,-8.1,8.5,-0.9,-63.8
4.5,1.9,-11.8,12.5,-5.3,-31.2
4.5,1.9,-11.8,2.8,9.1,-1.3
4,2.5,-8.5,2.8,9.1,-1.3
3.4,2.5,-9.1,-9.5,-1,-3.9
2.6,-0.3,-9.3,-38.9,10.3,249.2
2.6,-0.3,-9.3,11.3,-2.8,5.2
0.9,-9,-1.9,11.3,-2.8,5.2
1.1,-9.2,-3.5,-1,0.7,-18.3
2.3,-6.3,-6.1,13,-14.8,-127.8
2.7,-0.6,-12.6,0.2,21.7,-2.5
2.7,-0.6,-12.6,-13.1,3.4,-13.6
3.5,-0.6,-8.8,-13.1,3.4,-13.6
3.1,-0.1,-9.2,-1.1,-2.3,1.5
3.4,0,-13.1,-2.7,8,16.8
2.8,-6.6,1.1,-2.7,8,16.8
2.8,-6.6,1.1,-24.2,-0.1,102.7
2,-9.5,-2,-4.7,-8.4,-7.1
2,-9.5,-2,0.7,7.3,-6.8
2.4,-9.2,-2.6,0.7,7.3,-6.8
2.3,-9.1,-2.7,1.4,2.5,-8.8
2.3,-9.1,-2.7,4,0.5,-3.3
2.4,-9.1,-3.2,4,0.5,-3.3
2.2,-5.5,-3.4,55.4,14.6,-140.5
3.2,0,-10.1,-14.8,3.5,-1
2.7,-3,-7.2,-71.6,7.7,205.6
1.8,-9.1,-4.4,8.2,0.4,-7.3
1.8,-8.8,-3.9,-2.8,0.2,-3.5
1.8,-8.7,-4.3,-0.7,0.8,-2
1.8,-8.7,-4.3,9.5,4.4,-13.9
2.3,-8.4,-4,9.5,4.4,-13.9
3.5,-0.3,-12.9,24.4,-9.4,-197.3
2.5,0.8,-10.4,0.9,-10.9,19.2
2.5,0.8,-10.4,-32,-16,159.7
1.6,-4.8,-0.3,-32,-16,159.7
1.4,-9.1,-2.9,-2.5,5.9,-2.9
1.5,-9,-4.3,1.5,-0.5,1.6
1.5,-9,-4.3,15.2,3.5,-54.2
2,-7.3,-3.5,15.2,3.5,-54.2
4,0.1,-13.4,21.3,8.1,-78.9
4,0.1,-13.4,1.6,-2.6,-5.8
3,0.9,-9.3,1.6,-2.6,-5.8
3,0.9,-9.3,-0.2,-0.5,-4
2.9,1,-9.3,1.6,-0.2,-0.5
3,1.1,-9.4,0.6,0.2,-2.7
3.2,0.2,-16.9,0.6,0.2,-2.7
3.2,0.2,-16.9,-8.7,-3.6,137.1
3.2,0.2,-16.9,5.6,-10.2,-33.7
1.7,-8.8,-1.1,5.6,-10.2,-33.7
2.1,-7.9,-2.6,11.9,-6,-32.4
4.6,-1.4,-13.8,-4.7,20.1,-125.9
3.2,-0.5,-9.2,5.5,0.1,-7.3
3.2,-0.5,-9.2,0.2,-0.9,-0.6
3.3,-0.4,-9.3,0.2,-0.9,-0.6
3.2,-0.2,-9.4,0.8,0.2,2
2.3,-5,-1.4,-44.3,-8.1,166.8
1,-9.3,-3.2,-3.5,5.7,-5.4
1,-9.3,-3.2,-0.1,-1.1,-5.8
1.3,-9.1,-3.2,-0.1,-1.1,-5.8
2,-1,-3.9,80.2,-5.9,-279.6
2,-1,-3.9,5,-8.8,8.6
3.4,0.5,-8.4,5,-8.8,8.6
3,0.5,-9.2,-0.5,0.2,-2.1
2.9,0.6,-9.3,-0.4,-0.3,-3.8
3.1,-0.6,-15.2,-13.4,17.8,53.1
0.9,-7.7,-3.3,-3,-5.1,-11.5
0.9,-7.7,-3.3,3.6,-2.3,0.1
1.2,-7.9,-5.3,3.6,-2.3,0.1
3.2,-0.4,-14,8,1.5,-200.5
3.1,1.2,-9,4.3,0.8,-10
3.1,1.2,-9.3,-0.3,-0.1,-0.3
3,1.2,-9.3,-0.5,0.4,-0.4
3.1,1.3,-9.3,0,0.9,0
2.9,1.3,-9.4,-0.3,1.2,-0.2
3.5,0.4,-10.9,-78.4,1.7,306.2
0.7,-9.1,-4.1,-0.2,2,-0.7
1.2,-8.1,-5.2,8.1,-1.1,-23.5
1.2,-8.1,-5.2,0.1,-2.8,-74.2
2,-4.4,-4.4,0.1,-2.8,-74.2
2.5,1,-9.1,-14.6,-10.1,32
3.1,1,-9.4,-14.6,-10.1,32
3.1,1,-9.4,-1.9,9.4,-8
3.2,1,-9.1,-0.5,-1.1,-0.8
3.2,1.3,-9.2,-2.1,-0.1,-3.9
3.3,1.3,-9.5,-0.5,-5.8,2.1
3,1.5,-9.9,1.3,2.5,-10.5
2.3,-5.6,-0.5,-7.2,-7.3,58.1
2.3,-5.6,-0.5,5.4,2.1,-12
1.8,-7.5,-5.9,5.4,2.1,-12
2.5,-2.3,-9,27.9,-11.4,-137.4
2.5,-2.3,-9,0.4,-5.9,14.9
3.3,1.1,-8.6,0.4,-5.9,14.9
3,0.9,-9.2,-1.2,0.2,0.8
3,1,-9.3,0.1,-0.8,-1.1
3.1,1,-9.4,0.4,0.1,0
3,0.9,-13.5,-0.5,0.5,21.2
2,-7.8,-3.5,18.1,-12,-37.9
1.8,-7.3,-5.6,10.6,-0.7,-25.3
4.2,-0.7,-12.8,20.6,14.4,-129
3.6,0.5,-9.4,2.7,1.5,-9.9
3.2,0.7,-9.3,1.6,-1.6,-1
3.2,0.7,-9.3,-0.7,1.7,-1.4
3.1,1.1,-9.5,-0.7,1.7,-1.4
3.1,1.1,-9.4,-0.3,0.2,-2
2.8,0.6,-11,6.4,-3.9,9.3
2.8,0.6,-11,2.5,-10.5,-28.2
1.5,-7.5,-2.1,2.5,-10.5,-28.2
1.9,-7.7,-5.5,0.5,-2.2,-4
3,-2.9,-7.9,2,-19.4,-163.6
3,-2.9,-7.9,6.1,-4.5,12.9
3.4,1,-8.7,6.1,-4.5,12.9
3.1,0.7,-9.3,-0.3,-0.1,-0.4
3.2,0.7,-9.3,-1,-0.1,-0.2
3.2,0.8,-9.2,-0.5,0.5,-2.2
3.1,0.6,-11,11,-3.4,4.3
3.1,0.6,-11,12.3,-7.9,5
0.8,-7.2,-1,12.3,-7.9,5
1.4,-8.1,-5,2.3,-3.6,-9.2
2.8,-2.2,-9.1,10.7,4.2,-170.3
3.1,0.1,-8.6,0.7,-1,-9.4
3.1,0.1,-8.6,0.4,-0.7,-1.2
2.9,0.3,-9.4,0.4,-0.7,-1.2
2.9,0.4,-9.4,0.9,-0.4,-1.2
2.8,0.5,-9.5,-1.3,0.6,-1.2
2.2,-0.8,-13.7,-9.5,-21,146.9
1.7,-7.9,-5.8,5.7,1,-13.7
2,-6.2,-4.9,21.3,8.9,-49
2.1,-1.6,-12.1,9.2,-5.5,-11.5
3,0.5,-9.4,4.8,2.3,-2.1
3,0.5,-9.4,0.2,2.9,-1.2
3,0.6,-9.4,0.2,2.9,-1.2
3.1,0.5,-9.4,2.2,1.5,0.4
3.3,0.7,-9.5,11.6,4.4,-4.7
